Dates,Whole_House_Consumption,Volts,Amps,Kitchen_Consumption,Laundry_Consumption,HVAC_WaterHeater_Consumption
1/1/2007,2721,240,8,0,271,338
1/2/2007,1560,240,5,116,297,754
1/3/2007,113,241,1,0,241,114
1/4/2007,2675,240,8,315,612,1113
1/5/2007,1477,235,5,258,499,518
1/6/2007,659,235,3,0,372,460
1/7/2007,866,240,3,105,621,275
1/8/2007,857,235,3,145,0,593
1/9/2007,1627,239,5,163,446,560
1/10/2007,1530,239,5,169,694,349
1/11/2007,114,241,1,0,213,115
1/12/2007,3054,240,9,510,256,1020
1/13/2007,3074,239,9,409,450,665
1/14/2007,2923,239,9,139,447,753
1/15/2007,2009,241,6,112,283,863
1/16/2007,1526,242,5,163,415,375
1/17/2007,2685,241,8,282,542,907
1/18/2007,1535,241,5,0,249,771
1/19/2007,1228,240,4,183,246,417
1/20/2007,3037,239,9,287,501,669
1/21/2007,3347,239,10,343,457,684
1/22/2007,2034,242,6,71,358,643
1/23/2007,1570,243,5,0,317,292
1/24/2007,2957,241,9,267,343,665
1/25/2007,1338,243,5,116,196,633
1/26/2007,1503,243,5,113,194,464
1/27/2007,1956,242,6,115,406,705
1/28/2007,2995,240,9,283,461,698
1/29/2007,1809,241,6,113,215,873
1/30/2007,1513,242,5,114,277,465
1/31/2007,2209,240,7,0,458,866
2/1/2007,1026,242,4,0,266,374
2/2/2007,1464,240,5,0,278,655
2/3/2007,112,241,1,0,259,112
2/4/2007,1692,240,6,138,450,951
2/5/2007,698,236,3,6,512,226
2/6/2007,1282,234,4,222,412,460
2/7/2007,704,241,3,109,777,196
2/8/2007,832,235,3,20,0,417
2/9/2007,1645,240,5,242,622,508
2/10/2007,2092,238,6,52,819,748
2/11/2007,1164,239,4,89,367,708
2/12/2007,2978,241,9,114,490,603
2/13/2007,1293,241,4,0,362,361
2/14/2007,2343,240,7,266,566,662
2/15/2007,1751,241,6,0,443,799
2/16/2007,1519,241,5,76,345,498
2/17/2007,1995,239,6,100,543,414
2/18/2007,3645,239,11,388,744,760
2/19/2007,1934,240,6,98,590,761
2/20/2007,3048,240,9,221,540,560
2/21/2007,1864,240,6,224,472,658
2/22/2007,3293,239,10,109,433,714
2/23/2007,1033,241,4,0,374,612
2/24/2007,341,240,2,0,278,205
2/25/2007,97,242,1,0,252,95
2/26/2007,166,241,2,0,253,162
2/27/2007,109,243,1,0,237,109
2/28/2007,111,242,1,0,259,113
3/1/2007,719,244,3,0,262,264
3/2/2007,3984,239,12,296,564,1027
3/3/2007,445,241,2,0,267,262
3/4/2007,1329,240,5,220,442,441
3/5/2007,819,235,3,136,535,467
3/6/2007,1922,235,6,287,745,506
3/7/2007,787,240,3,69,750,270
3/8/2007,851,234,3,108,0,554
3/9/2007,841,240,3,25,544,308
3/10/2007,1019,239,4,109,706,217
3/11/2007,115,240,1,0,204,112
3/12/2007,1496,241,5,76,218,593
3/13/2007,999,241,4,108,490,304
3/14/2007,1547,241,5,268,347,491
3/15/2007,1695,240,6,0,446,638
3/16/2007,1666,240,5,112,433,314
3/17/2007,1801,238,6,161,275,716
3/18/2007,2190,241,7,422,662,342
3/19/2007,1983,241,6,166,420,806
3/20/2007,1880,241,6,248,352,647
3/21/2007,1920,241,6,144,459,705
3/22/2007,1129,242,4,11,336,595
3/23/2007,1037,242,4,112,287,480
3/24/2007,2871,240,9,205,651,945
3/25/2007,3123,240,10,323,448,538
3/26/2007,1257,241,4,113,259,523
3/27/2007,796,241,3,0,372,214
3/28/2007,2185,240,7,115,634,796
3/29/2007,1272,241,5,115,356,617
3/30/2007,1140,241,4,112,376,475
3/31/2007,3412,239,10,179,765,1016
4/1/2007,3073,240,9,74,551,624
4/2/2007,3487,240,11,141,493,834
4/3/2007,1840,240,6,68,575,545
4/4/2007,1864,240,6,221,334,843
4/5/2007,710,236,3,165,432,239
4/6/2007,663,235,3,171,651,277
4/7/2007,683,241,3,207,833,325
4/8/2007,856,235,3,20,52,476
4/9/2007,1398,240,5,185,587,567
4/10/2007,1241,239,4,180,320,566
4/11/2007,1221,240,4,0,404,415
4/12/2007,1817,242,6,72,396,487
4/13/2007,114,240,2,0,451,114
4/14/2007,123,240,2,0,467,117
4/15/2007,377,240,2,0,412,168
4/16/2007,659,241,3,107,327,269
4/17/2007,973,240,4,38,289,357
4/18/2007,819,240,3,99,260,200
4/19/2007,759,240,3,33,334,332
4/20/2007,547,240,3,112,263,203
4/21/2007,1452,239,5,294,358,646
4/22/2007,2141,240,7,227,620,647
4/23/2007,742,237,3,125,404,361
4/24/2007,754,235,3,101,419,403
4/25/2007,1015,235,4,0,453,529
4/26/2007,1028,235,4,87,547,432
4/27/2007,793,235,3,113,437,286
4/28/2007,14,234,5,0,16,0
4/29/2007,,,,,,
4/30/2007,363,235,3,116,210,70
5/1/2007,2417,240,8,125,285,440
5/2/2007,1483,241,5,33,461,449
5/3/2007,2479,240,8,299,714,577
5/4/2007,1611,241,5,115,522,601
5/5/2007,1381,235,5,239,542,678
5/6/2007,1251,235,4,379,624,388
5/7/2007,772,240,3,192,669,229
5/8/2007,556,235,2,4,0,399
5/9/2007,986,239,4,0,676,389
5/10/2007,1079,239,4,0,251,552
5/11/2007,1240,240,4,102,293,382
5/12/2007,2121,241,6,152,214,624
5/13/2007,1510,236,5,217,480,537
5/14/2007,1197,236,5,195,394,333
5/15/2007,545,236,3,0,308,318
5/16/2007,1461,235,5,178,507,544
5/17/2007,1019,236,4,72,442,462
5/18/2007,1396,236,5,198,514,485
5/19/2007,1225,235,4,304,404,424
5/20/2007,1833,235,6,339,458,457
5/21/2007,788,235,3,0,359,543
5/22/2007,848,235,3,70,460,241
5/23/2007,1255,235,4,105,540,492
5/24/2007,832,236,3,71,488,287
5/25/2007,1282,234,5,306,430,399
5/26/2007,1381,235,5,175,514,521
5/27/2007,2085,235,6,329,632,629
5/28/2007,1371,235,5,322,363,578
5/29/2007,804,236,3,0,359,261
5/30/2007,1364,235,5,191,538,469
5/31/2007,616,235,3,71,364,212
6/1/2007,1388,240,5,58,300,331
6/2/2007,1173,241,4,115,314,259
6/3/2007,1033,241,4,0,871,274
6/4/2007,1265,241,5,0,576,524
6/5/2007,1975,234,6,214,535,611
6/6/2007,1509,235,5,322,589,702
6/7/2007,811,241,3,193,732,231
6/8/2007,810,235,3,115,0,483
6/9/2007,661,239,3,0,663,202
6/10/2007,1542,238,5,321,251,570
6/11/2007,1923,239,6,75,488,622
6/12/2007,2455,240,7,210,230,683
6/13/2007,686,240,3,107,425,302
6/14/2007,1030,240,4,188,529,407
6/15/2007,709,240,3,152,929,262
6/16/2007,1915,239,6,230,1045,641
6/17/2007,1879,240,6,320,765,506
6/18/2007,437,241,2,0,413,246
6/19/2007,648,240,3,113,413,252
6/20/2007,832,240,3,213,614,296
6/21/2007,510,241,2,108,771,213
6/22/2007,238,241,2,0,766,202
6/23/2007,160,240,2,0,674,138
6/24/2007,483,241,2,0,673,197
6/25/2007,836,240,3,123,783,281
6/26/2007,719,240,3,108,707,304
6/27/2007,1219,240,4,92,856,422
6/28/2007,973,239,4,0,840,553
6/29/2007,1095,240,4,260,565,394
6/30/2007,1103,240,4,132,653,480
7/1/2007,2204,241,7,145,590,739
7/2/2007,2263,241,7,335,399,682
7/3/2007,2231,240,7,74,589,886
7/4/2007,1272,240,5,116,604,343
7/5/2007,1524,235,5,70,592,573
7/6/2007,805,234,3,73,587,239
7/7/2007,1140,240,4,109,629,585
7/8/2007,1413,235,4,17,116,547
7/9/2007,1099,239,4,252,437,551
7/10/2007,1958,239,6,160,584,631
7/11/2007,1566,240,5,306,220,371
7/12/2007,1477,241,5,19,368,585
7/13/2007,563,241,3,0,516,254
7/14/2007,1068,241,4,230,632,378
7/15/2007,679,241,3,68,506,323
7/16/2007,617,237,3,68,578,251
7/17/2007,441,235,2,69,577,204
7/18/2007,479,231,2,73,563,290
7/19/2007,375,234,2,99,584,190
7/20/2007,841,236,3,167,718,287
7/21/2007,791,234,3,37,427,470
7/22/2007,1202,236,4,397,151,336
7/23/2007,784,235,3,213,144,235
7/24/2007,593,235,3,0,99,339
7/25/2007,185,236,2,0,85,142
7/26/2007,678,235,3,109,204,261
7/27/2007,1078,236,4,215,49,429
7/28/2007,1468,235,5,106,428,393
7/29/2007,77,236,1,0,0,78
7/30/2007,211,236,1,0,0,150
7/31/2007,641,235,2,190,0,215
8/1/2007,2023,240,7,0,360,1004
8/2/2007,1619,242,5,159,284,579
8/3/2007,1226,241,5,130,1030,384
8/4/2007,1334,240,5,0,385,203
8/5/2007,1775,235,5,282,509,525
8/6/2007,1964,236,6,160,894,678
8/7/2007,782,240,3,217,694,307
8/8/2007,901,235,3,49,134,582
8/9/2007,1264,240,4,160,518,533
8/10/2007,761,239,3,0,303,295
8/11/2007,1313,241,4,108,230,377
8/12/2007,1998,240,6,113,309,712
8/13/2007,914,235,3,4,275,664
8/14/2007,674,237,3,39,114,372
8/15/2007,960,240,4,21,273,564
8/16/2007,691,240,3,39,0,433
8/17/2007,791,240,3,19,0,447
8/18/2007,104,241,1,0,0,105
8/19/2007,1262,240,4,108,354,351
8/20/2007,1080,241,4,110,486,418
8/21/2007,405,241,2,0,38,189
8/22/2007,961,241,4,199,97,414
8/23/2007,914,241,3,214,210,307
8/24/2007,1411,240,5,115,868,572
8/25/2007,863,240,4,315,789,333
8/26/2007,1109,240,4,129,958,330
8/27/2007,897,240,4,215,1136,367
8/28/2007,792,240,3,76,382,320
8/29/2007,486,241,2,110,412,285
8/30/2007,959,241,4,222,398,245
8/31/2007,1064,240,4,103,485,507
9/1/2007,1625,240,5,131,456,564
9/2/2007,1296,242,5,0,397,555
9/3/2007,964,241,4,75,262,495
9/4/2007,667,241,3,171,405,222
9/5/2007,1426,235,5,174,614,568
9/6/2007,791,241,3,69,409,379
9/7/2007,967,241,4,106,483,539
9/8/2007,846,234,3,9,274,404
9/9/2007,1602,239,5,134,622,540
9/10/2007,1435,239,5,90,337,542
9/11/2007,2036,239,6,0,414,893
9/12/2007,2089,240,7,373,299,507
9/13/2007,1026,239,4,100,558,225
9/14/2007,886,239,3,71,547,343
9/15/2007,858,240,3,0,550,374
9/16/2007,1515,240,5,161,552,540
9/17/2007,1224,239,4,277,515,367
9/18/2007,946,238,4,215,502,315
9/19/2007,1182,240,4,0,491,458
9/20/2007,1059,240,4,113,386,576
9/21/2007,1023,239,4,152,497,367
9/22/2007,910,239,4,69,917,445
9/23/2007,1298,240,4,178,1151,427
9/24/2007,1138,239,4,68,897,464
9/25/2007,1831,238,5,39,422,579
9/26/2007,1657,239,5,71,723,330
9/27/2007,1148,240,4,74,510,427
9/28/2007,1499,239,5,70,657,577
9/29/2007,2162,239,7,309,630,476
9/30/2007,1232,240,4,53,473,590
10/1/2007,2013,241,6,29,577,636
10/2/2007,2689,240,8,264,507,829
10/3/2007,2402,240,7,312,461,635
10/4/2007,452,241,2,9,548,148
10/5/2007,469,236,2,71,430,196
10/6/2007,1216,241,4,269,472,346
10/7/2007,617,240,3,2,606,269
10/8/2007,806,235,3,16,456,501
10/9/2007,859,239,3,72,476,326
10/10/2007,866,239,3,141,362,199
10/11/2007,2480,239,8,188,219,801
10/12/2007,1560,242,5,74,202,478
10/13/2007,1714,239,6,111,409,500
10/14/2007,1914,239,6,193,549,414
10/15/2007,916,239,4,110,244,446
10/16/2007,1727,239,6,0,549,575
10/17/2007,1277,239,5,109,318,523
10/18/2007,1245,240,4,114,230,566
10/19/2007,1923,240,6,90,352,671
10/20/2007,1548,242,5,128,212,749
10/21/2007,1788,242,6,303,364,418
10/22/2007,1349,241,5,0,216,741
10/23/2007,1721,241,6,111,384,611
10/24/2007,1628,241,5,303,264,524
10/25/2007,1606,240,5,125,314,429
10/26/2007,1415,241,4,0,257,334
10/27/2007,1557,240,5,56,350,514
10/28/2007,142,241,1,0,205,100
10/29/2007,168,241,2,0,196,159
10/30/2007,451,241,2,0,274,244
10/31/2007,910,240,4,0,464,511
11/1/2007,1969,241,7,49,398,714
11/2/2007,3460,239,11,171,501,755
11/3/2007,3381,240,10,240,412,546
11/4/2007,479,241,3,0,818,366
11/5/2007,685,235,3,70,394,387
11/6/2007,584,241,2,0,362,309
11/7/2007,393,241,2,109,503,303
11/8/2007,829,235,3,45,350,615
11/9/2007,747,240,3,69,434,334
11/10/2007,1439,238,5,127,300,458
11/11/2007,1805,240,5,207,231,352
11/12/2007,2253,241,7,73,334,725
11/13/2007,2011,241,6,72,429,632
11/14/2007,1851,240,6,74,218,931
11/15/2007,1253,240,4,129,217,432
11/16/2007,2200,241,7,144,430,776
11/17/2007,2522,241,8,174,319,857
11/18/2007,2096,242,6,342,286,401
11/19/2007,1419,243,5,72,184,614
11/20/2007,1898,241,6,69,427,627
11/21/2007,1569,242,5,114,216,539
11/22/2007,1763,242,6,167,215,514
11/23/2007,2359,241,7,218,485,779
11/24/2007,1656,242,5,129,394,765
11/25/2007,1099,243,4,209,202,321
11/26/2007,1415,241,5,113,208,513
11/27/2007,2761,241,8,112,635,857
11/28/2007,1354,243,5,76,272,442
11/29/2007,1551,243,5,144,201,500
11/30/2007,2300,243,7,0,520,753
12/1/2007,1119,242,4,0,333,474
12/2/2007,1655,240,5,226,313,657
12/3/2007,1809,241,6,122,410,712
12/4/2007,106,240,2,0,436,104
12/5/2007,1291,235,4,156,518,624
12/6/2007,722,240,3,67,351,227
12/7/2007,809,241,3,112,511,369
12/8/2007,1008,236,4,52,75,514
12/9/2007,1061,240,4,0,541,442
12/10/2007,1656,238,6,110,476,686
12/11/2007,1895,240,6,72,343,762
12/12/2007,1520,242,5,112,187,441
12/13/2007,1726,242,5,111,284,508
12/14/2007,1783,242,6,101,352,731
12/15/2007,2610,241,8,65,404,819
12/16/2007,2736,243,8,183,280,730
12/17/2007,1452,243,5,64,180,601
12/18/2007,2479,243,8,74,408,626
12/19/2007,2034,243,6,117,290,652
12/20/2007,1789,243,6,139,211,759
12/21/2007,1749,243,6,116,145,690
12/22/2007,2580,242,8,304,426,717
12/23/2007,2533,243,7,145,303,669
12/24/2007,2135,243,7,252,287,810
12/25/2007,2538,243,8,218,294,507
12/26/2007,2330,242,7,110,341,535
12/27/2007,2437,242,7,252,239,451
12/28/2007,2985,242,9,146,541,890
12/29/2007,3150,241,10,323,309,846
12/30/2007,2509,242,7,293,356,768
12/31/2007,2120,241,6,0,372,800
1/1/2008,2733,241,8,179,331,697
1/2/2008,1348,240,5,29,213,408
1/3/2008,1507,239,3,0,347,156
1/4/2008,2002,242,6,109,495,823
1/5/2008,99,241,2,0,425,992
1/6/2008,1681,241,5,219,429,1163
1/7/2008,1026,240,4,232,453,1099
1/8/2008,422,240,2,28,500,1041
1/9/2008,998,240,4,112,379,1131
1/10/2008,1661,241,5,165,487,1152
1/11/2008,911,242,3,0,258,110
1/12/2008,1597,243,5,112,231,510
1/13/2008,2737,240,8,307,265,540
1/14/2008,1881,240,6,154,264,563
1/15/2008,2565,241,8,29,533,822
1/16/2008,2118,240,6,117,430,540
1/17/2008,1375,242,5,72,274,496
1/18/2008,2001,240,6,73,319,860
1/19/2008,1768,240,6,128,452,469
1/20/2008,1555,240,5,101,297,288
1/21/2008,1717,240,6,0,290,600
1/22/2008,2128,240,7,271,602,436
1/23/2008,1609,241,6,113,302,754
1/24/2008,1353,241,5,111,247,346
1/25/2008,2201,241,6,0,308,652
1/26/2008,2815,240,8,266,240,903
1/27/2008,2393,241,7,212,417,422
1/28/2008,2204,240,7,116,213,728
1/29/2008,2671,241,8,94,429,632
1/30/2008,1398,242,5,0,197,414
1/31/2008,1867,242,6,112,202,539
2/1/2008,1429,242,5,0,329,507
2/2/2008,2821,240,9,369,361,876
2/3/2008,1024,240,3,0,560,152
2/4/2008,1478,239,5,115,483,471
2/5/2008,1191,242,4,132,419,1111
2/6/2008,965,236,3,108,442,1046
2/7/2008,1007,239,4,109,504,1070
2/8/2008,217,239,2,0,371,1015
2/9/2008,1192,239,4,320,377,1064
2/10/2008,1070,240,4,0,267,1110
2/11/2008,979,242,3,0,261,159
2/12/2008,1572,243,5,0,228,638
2/13/2008,1673,241,6,168,385,435
2/14/2008,1312,241,5,103,218,536
2/15/2008,1812,242,6,75,318,756
2/16/2008,2298,241,7,73,340,671
2/17/2008,1882,242,6,217,315,346
2/18/2008,1212,242,4,0,189,587
2/19/2008,1952,241,6,142,412,638
2/20/2008,2117,242,7,247,475,440
2/21/2008,1383,241,5,0,236,492
2/22/2008,1576,241,5,116,373,575
2/23/2008,1638,240,5,150,292,582
2/24/2008,848,240,4,30,255,645
2/25/2008,112,240,1,0,247,106
2/26/2008,117,240,1,0,228,116
2/27/2008,177,240,2,0,251,172
2/28/2008,124,240,1,0,217,120
2/29/2008,1387,238,4,0,450,465
3/1/2008,1374,243,4,74,281,382
3/2/2008,1967,240,6,226,413,484
3/3/2008,1504,240,3,0,381,100
3/4/2008,875,241,3,0,331,398
3/5/2008,938,241,4,72,442,1070
3/6/2008,1381,234,5,251,463,1096
3/7/2008,873,240,3,110,493,1079
3/8/2008,216,237,2,0,370,999
3/9/2008,1179,240,4,119,401,1131
3/10/2008,1315,240,5,251,254,1118
3/11/2008,790,242,3,109,259,110
3/12/2008,1625,243,5,112,224,543
3/13/2008,1411,241,5,166,514,318
3/14/2008,2191,241,6,70,809,826
3/15/2008,1405,240,5,165,401,344
3/16/2008,1652,241,5,168,476,647
3/17/2008,1540,241,5,8,766,535
3/18/2008,1753,242,6,115,565,710
3/19/2008,1022,242,4,153,342,349
3/20/2008,945,242,4,112,396,383
3/21/2008,1948,241,6,173,849,756
3/22/2008,1865,242,6,284,536,708
3/23/2008,2197,243,7,276,238,782
3/24/2008,1845,243,6,113,567,400
3/25/2008,1851,242,6,227,491,761
3/26/2008,1438,243,5,176,453,425
3/27/2008,1128,242,4,0,284,513
3/28/2008,1663,242,5,168,454,656
3/29/2008,2345,241,7,265,297,979
3/30/2008,2077,241,6,465,339,562
3/31/2008,1053,243,4,109,325,531
4/1/2008,2233,241,7,102,495,676
4/2/2008,1417,240,5,115,194,554
4/3/2008,1684,241,5,87,454,541
4/4/2008,1338,241,5,156,319,750
4/5/2008,1401,241,4,118,562,1059
4/6/2008,1412,235,5,153,750,1037
4/7/2008,669,240,3,0,440,1101
4/8/2008,936,238,4,19,523,1010
4/9/2008,1016,239,4,170,298,1109
4/10/2008,2007,240,6,271,275,1184
4/11/2008,1267,241,5,0,439,239
4/12/2008,1461,243,5,110,209,629
4/13/2008,2045,240,7,259,607,1189
4/14/2008,1396,242,5,0,339,1161
4/15/2008,1437,241,5,61,546,1137
4/16/2008,1297,242,4,30,322,1165
4/17/2008,1057,241,4,77,333,1110
4/18/2008,1689,241,5,127,576,1153
4/19/2008,2260,241,7,245,525,1227
4/20/2008,1628,241,5,74,518,1144
4/21/2008,842,242,3,0,558,1080
4/22/2008,1342,241,5,70,701,1144
4/23/2008,1051,242,4,51,404,1110
4/24/2008,723,241,3,102,424,1045
4/25/2008,932,241,4,30,513,1121
4/26/2008,862,241,3,0,524,1013
4/27/2008,765,241,3,28,483,1051
4/28/2008,284,241,2,0,511,999
4/29/2008,1706,241,6,90,639,1141
4/30/2008,708,241,3,109,477,1070
5/1/2008,2098,239,6,154,215,850
5/2/2008,2333,241,7,113,484,779
5/3/2008,1835,241,6,75,618,320
5/4/2008,1849,241,6,201,422,889
5/5/2008,1154,241,4,70,276,1138
5/6/2008,853,235,3,142,396,1090
5/7/2008,1265,240,4,214,641,1101
5/8/2008,598,239,3,28,375,1069
5/9/2008,639,240,3,11,318,1066
5/10/2008,1384,240,4,110,421,1056
5/11/2008,2999,239,9,455,731,485
5/12/2008,1906,243,6,33,231,554
5/13/2008,1232,240,4,67,659,1104
5/14/2008,1388,241,5,169,587,1131
5/15/2008,970,240,4,71,453,1078
5/16/2008,1451,240,5,139,576,1112
5/17/2008,1578,239,5,126,778,1182
5/18/2008,1682,240,5,139,710,1104
5/19/2008,784,240,3,70,409,1086
5/20/2008,1351,241,5,90,450,1171
5/21/2008,1082,241,4,219,362,1120
5/22/2008,723,239,3,111,340,1060
5/23/2008,1230,240,4,0,424,1213
5/24/2008,1366,241,5,110,446,1184
5/25/2008,2054,240,6,263,775,1059
5/26/2008,1102,240,4,111,498,1120
5/27/2008,1589,239,5,0,633,1157
5/28/2008,868,241,3,207,402,1077
5/29/2008,899,238,3,109,398,1107
5/30/2008,1226,241,4,0,585,1160
5/31/2008,1596,241,5,140,591,1169
6/1/2008,1694,239,5,137,340,454
6/2/2008,1415,238,5,187,274,495
6/3/2008,2100,240,7,39,286,405
6/4/2008,1491,241,5,113,438,1090
6/5/2008,1539,240,5,90,487,1173
6/6/2008,1043,240,4,109,391,1089
6/7/2008,1881,241,5,319,666,1089
6/8/2008,109,241,1,0,374,991
6/9/2008,1693,239,6,270,568,1181
6/10/2008,1148,239,4,110,213,1250
6/11/2008,1567,240,5,110,321,390
6/12/2008,2481,241,7,174,448,517
6/13/2008,1751,239,6,212,572,1138
6/14/2008,1163,240,4,146,848,1143
6/15/2008,2275,239,7,224,817,1161
6/16/2008,1085,240,4,216,355,1131
6/17/2008,907,240,3,112,328,1129
6/18/2008,1709,240,6,479,443,1178
6/19/2008,1369,239,5,213,414,1141
6/20/2008,1488,240,5,151,509,1173
6/21/2008,1613,239,5,71,636,1185
6/22/2008,1534,239,5,202,595,1139
6/23/2008,994,239,4,250,448,1133
6/24/2008,1604,238,5,250,531,1205
6/25/2008,1064,239,4,254,439,1116
6/26/2008,776,239,3,107,437,1118
6/27/2008,1553,239,5,306,610,1132
6/28/2008,1056,239,4,0,552,1089
6/29/2008,483,240,2,106,407,1018
6/30/2008,489,240,3,0,398,1077
7/1/2008,1441,241,5,101,211,585
7/2/2008,1284,241,4,0,225,467
7/3/2008,1709,241,5,81,353,518
7/4/2008,1322,243,4,165,261,1136
7/5/2008,889,241,3,110,307,1077
7/6/2008,1917,239,6,181,539,1214
7/7/2008,726,240,3,173,449,1075
7/8/2008,123,239,1,0,388,984
7/9/2008,1222,241,4,278,349,1059
7/10/2008,1751,239,5,110,314,1124
7/11/2008,1462,240,5,112,292,600
7/12/2008,2465,242,7,139,231,771
7/13/2008,1104,240,4,127,506,1074
7/14/2008,905,240,3,136,491,1066
7/15/2008,937,240,3,110,421,1106
7/16/2008,883,241,3,137,469,1044
7/17/2008,1268,240,4,56,565,1096
7/18/2008,1270,240,4,100,425,1115
7/19/2008,1136,239,4,155,458,1083
7/20/2008,745,240,3,165,386,1049
7/21/2008,922,239,4,95,315,1106
7/22/2008,484,240,2,0,316,1033
7/23/2008,725,240,3,102,334,1067
7/24/2008,765,240,3,68,349,1103
7/25/2008,608,239,3,117,360,1067
7/26/2008,547,240,3,0,386,1061
7/27/2008,964,238,4,99,395,1100
7/28/2008,553,240,3,0,378,1058
7/29/2008,1121,240,4,137,390,1060
7/30/2008,1257,239,4,169,387,1060
7/31/2008,1147,240,4,77,564,1088
8/1/2008,1884,241,6,152,336,559
8/2/2008,1874,240,6,63,232,545
8/3/2008,2002,242,7,261,267,479
8/4/2008,2474,242,8,270,590,1279
8/5/2008,2007,240,6,211,336,1176
8/6/2008,1394,240,5,166,478,1123
8/7/2008,948,240,3,109,383,1085
8/8/2008,94,239,1,0,358,976
8/9/2008,1063,241,4,102,384,1130
8/10/2008,1639,240,5,113,494,1162
8/11/2008,1547,239,5,115,425,348
8/12/2008,1608,244,5,110,222,733
8/13/2008,71,241,1,0,331,981
8/14/2008,66,241,1,0,325,977
8/15/2008,68,241,1,0,323,977
8/16/2008,66,242,1,0,324,985
8/17/2008,72,241,1,0,329,980
8/18/2008,70,241,1,0,323,979
8/19/2008,66,241,1,0,322,976
8/20/2008,61,242,1,0,321,978
8/21/2008,57,240,1,0,317,969
8/22/2008,61,241,1,0,321,973
8/23/2008,45,242,1,0,306,981
8/24/2008,54,242,1,0,296,976
8/25/2008,43,241,1,0,310,971
8/26/2008,54,241,1,0,307,973
8/27/2008,55,241,1,0,296,966
8/28/2008,65,241,1,0,317,974
8/29/2008,61,240,1,0,316,974
8/30/2008,65,241,1,0,319,969
8/31/2008,1374,240,4,94,480,1167
9/1/2008,1587,241,5,76,213,512
9/2/2008,1999,242,6,147,283,584
9/3/2008,1449,241,5,239,258,240
9/4/2008,854,242,3,0,302,1121
9/5/2008,1633,240,5,151,315,1175
9/6/2008,1160,239,4,218,533,1095
9/7/2008,700,240,3,109,377,1085
9/8/2008,161,241,1,0,362,981
9/9/2008,959,240,3,7,333,1090
9/10/2008,1930,239,6,110,424,1164
9/11/2008,2608,238,8,290,364,838
9/12/2008,1780,244,6,148,306,715
9/13/2008,1468,240,5,109,544,1163
9/14/2008,1477,240,5,322,324,1072
9/15/2008,1735,240,5,109,262,1139
9/16/2008,938,241,4,0,268,1103
9/17/2008,1341,241,5,75,429,1127
9/18/2008,1330,240,4,249,259,1096
9/19/2008,1366,240,4,189,252,1181
9/20/2008,1160,241,4,0,269,1172
9/21/2008,1354,241,5,309,380,1114
9/22/2008,1096,240,4,110,375,1137
9/23/2008,1035,240,4,0,434,1095
9/24/2008,1469,240,5,221,527,1140
9/25/2008,869,240,3,109,543,1102
9/26/2008,1167,240,4,53,268,1155
9/27/2008,1965,240,6,252,350,1186
9/28/2008,1661,240,5,216,281,1153
9/29/2008,1353,240,4,108,262,1139
9/30/2008,1075,241,4,112,262,1084
10/1/2008,1865,241,6,104,213,574
10/2/2008,2077,241,6,165,360,594
10/3/2008,1314,242,5,143,287,495
10/4/2008,1212,242,4,246,374,1070
10/5/2008,1830,240,6,269,468,1155
10/6/2008,764,240,3,42,461,1117
10/7/2008,1112,240,4,111,424,1097
10/8/2008,98,240,1,0,343,978
10/9/2008,1080,239,4,108,291,1134
10/10/2008,1344,240,4,0,286,1166
10/11/2008,1981,240,6,111,268,596
10/12/2008,1979,243,6,113,411,607
10/13/2008,1180,241,4,112,404,1126
10/14/2008,1395,239,5,115,336,1130
10/15/2008,2047,240,6,149,622,1123
10/16/2008,1472,239,5,36,329,1100
10/17/2008,1591,240,6,222,425,1126
10/18/2008,2166,240,7,31,339,1170
10/19/2008,1812,240,6,31,652,1030
10/20/2008,1409,240,5,30,423,1139
10/21/2008,1895,240,6,33,453,1154
10/22/2008,1488,241,5,17,391,1107
10/23/2008,1738,240,5,31,357,1142
10/24/2008,1897,240,6,284,371,1004
10/25/2008,1257,241,5,28,296,765
10/26/2008,118,242,2,0,269,115
10/27/2008,116,242,2,0,298,113
10/28/2008,994,241,4,86,272,293
10/29/2008,1891,242,5,111,258,229
10/30/2008,1334,242,3,0,257,147
10/31/2008,1197,241,4,0,233,589
11/1/2008,1708,240,5,101,217,459
11/2/2008,1372,242,5,71,225,512
11/3/2008,2107,240,6,79,448,746
11/4/2008,1615,241,5,131,376,1220
11/5/2008,1562,240,5,28,731,1084
11/6/2008,882,240,3,110,489,1093
11/7/2008,1068,239,4,38,425,1118
11/8/2008,90,241,1,0,362,983
11/9/2008,728,239,3,107,302,1081
11/10/2008,1589,239,5,154,466,1154
11/11/2008,2416,240,7,172,391,839
11/12/2008,1146,243,4,113,202,445
11/13/2008,951,242,4,0,255,358
11/14/2008,1424,241,5,223,244,565
11/15/2008,2893,239,9,237,405,907
11/16/2008,2209,240,7,424,476,514
11/17/2008,1266,241,4,0,282,601
11/18/2008,1533,240,5,111,275,647
11/19/2008,1617,241,5,143,453,503
11/20/2008,1436,240,5,111,263,448
11/21/2008,1422,240,5,110,260,602
11/22/2008,1505,240,5,114,293,477
11/23/2008,3362,239,10,282,668,597
11/24/2008,3028,240,9,112,382,765
11/25/2008,2471,241,8,129,260,596
11/26/2008,1256,242,4,33,226,565
11/27/2008,2135,241,7,177,247,705
11/28/2008,1660,243,5,109,223,640
11/29/2008,2251,241,7,361,379,707
11/30/2008,2311,242,7,118,324,647
12/1/2008,2801,240,9,277,392,648
12/2/2008,1877,240,6,144,273,711
12/3/2008,1499,241,5,113,448,629
12/4/2008,2714,241,8,470,731,1233
12/5/2008,1289,241,5,211,534,1176
12/6/2008,1085,240,4,213,445,1080
12/7/2008,1117,240,4,233,514,1080
12/8/2008,84,240,1,0,342,974
12/9/2008,1199,240,4,216,294,1111
12/10/2008,1744,240,6,176,529,1078
12/11/2008,2033,240,6,109,431,538
12/12/2008,1626,243,5,113,186,683
12/13/2008,1604,242,5,116,193,532
12/14/2008,1930,242,6,282,328,312
12/15/2008,1531,243,5,112,188,543
12/16/2008,1630,244,5,0,190,630
12/17/2008,1985,243,6,304,212,610
12/18/2008,1504,243,5,109,193,634
12/19/2008,1637,242,5,67,221,668
12/20/2008,2141,243,6,113,491,721
12/21/2008,2402,242,8,114,625,840
12/22/2008,1897,242,6,115,294,592
12/23/2008,1715,242,5,209,347,473
12/24/2008,1031,244,4,0,270,558
12/25/2008,884,243,3,0,213,205
12/26/2008,987,244,4,113,208,434
12/27/2008,2887,243,8,0,182,678
12/28/2008,1411,245,4,145,161,292
12/29/2008,152,245,2,0,161,138
12/30/2008,892,245,3,0,180,398
12/31/2008,1912,243,6,188,184,668
1/1/2009,1371,243,4,29,319,156
1/2/2009,1732,245,5,208,220,417
1/3/2009,2290,242,7,441,400,503
1/4/2009,1410,243,5,113,388,415
1/5/2009,1421,241,4,112,385,1168
1/6/2009,1300,241,4,258,350,1157
1/7/2009,1044,242,4,125,451,1123
1/8/2009,411,241,2,0,654,1063
1/9/2009,717,241,3,0,551,1060
1/10/2009,1117,242,4,109,472,1122
1/11/2009,1728,241,5,219,364,1176
1/12/2009,1526,243,5,0,267,1145
1/13/2009,2058,244,6,114,257,890
1/14/2009,1652,245,5,225,260,575
1/15/2009,1276,243,5,183,305,542
1/16/2009,2554,243,8,288,364,856
1/17/2009,3211,242,10,184,500,869
1/18/2009,3054,243,9,387,635,714
1/19/2009,1419,243,5,113,281,577
1/20/2009,1522,243,5,0,210,764
1/21/2009,1508,244,5,114,310,546
1/22/2009,909,244,4,0,258,463
1/23/2009,1875,243,5,216,218,690
1/24/2009,1953,243,6,222,388,472
1/25/2009,2711,243,8,279,456,630
1/26/2009,1586,243,5,111,258,553
1/27/2009,1256,244,4,34,203,374
1/28/2009,2661,243,8,224,484,797
1/29/2009,1562,243,4,0,217,504
1/30/2009,1977,244,6,147,206,675
1/31/2009,3177,242,10,446,460,863
2/1/2009,2122,243,7,160,520,665
2/2/2009,1309,245,5,113,170,609
2/3/2009,1425,242,4,78,228,379
2/4/2009,1357,242,5,112,243,755
2/5/2009,1321,242,4,125,277,1133
2/6/2009,837,242,3,0,380,1100
2/7/2009,1103,242,4,31,462,1100
2/8/2009,190,241,2,0,506,1004
2/9/2009,927,242,4,109,521,1129
2/10/2009,947,241,3,0,444,1128
2/11/2009,1279,241,4,81,363,1078
2/12/2009,2330,242,7,112,585,1176
2/13/2009,1437,242,5,112,191,658
2/14/2009,2225,242,7,63,329,1038
2/15/2009,1199,243,5,165,166,295
2/16/2009,1110,242,4,0,193,400
2/17/2009,419,242,2,0,195,225
2/18/2009,377,242,2,0,219,311
2/19/2009,305,242,2,111,193,102
2/20/2009,1737,240,6,92,217,508
2/21/2009,1090,241,4,219,194,229
2/22/2009,1966,241,7,239,459,413
2/23/2009,2645,241,8,115,487,710
2/24/2009,1471,241,5,0,374,829
2/25/2009,813,241,3,113,201,424
2/26/2009,807,241,3,0,198,393
2/27/2009,2010,241,6,116,183,837
2/28/2009,1430,242,5,113,408,455
3/1/2009,1873,244,6,440,255,587
3/2/2009,1724,244,5,29,212,829
3/3/2009,1648,243,5,114,199,730
3/4/2009,1052,242,4,0,243,485
3/5/2009,1568,242,5,197,394,1087
3/6/2009,1125,240,4,107,462,1164
3/7/2009,570,242,3,106,490,1092
3/8/2009,199,242,2,0,473,1015
3/9/2009,1084,241,4,277,622,1038
3/10/2009,1521,241,5,304,475,1210
3/11/2009,2124,241,7,155,581,1111
3/12/2009,1241,243,4,109,302,1136
3/13/2009,1212,243,4,109,231,591
3/14/2009,1971,242,6,227,208,1013
3/15/2009,1845,242,6,259,481,472
3/16/2009,995,242,4,0,226,522
3/17/2009,1775,242,6,114,381,696
3/18/2009,1151,243,4,115,280,673
3/19/2009,942,243,3,0,232,535
3/20/2009,1164,243,4,54,228,596
3/21/2009,1762,243,6,302,228,584
3/22/2009,1604,242,5,218,395,516
3/23/2009,1043,242,4,113,230,342
3/24/2009,1354,242,5,86,263,576
3/25/2009,1664,243,5,250,547,576
3/26/2009,928,243,4,0,232,485
3/27/2009,1460,243,5,112,398,560
3/28/2009,2204,242,7,267,243,690
3/29/2009,2127,243,6,175,434,541
3/30/2009,1165,243,4,110,222,558
3/31/2009,1580,242,5,144,327,730
4/1/2009,1878,245,6,121,493,184
4/2/2009,2293,245,7,31,438,882
4/3/2009,1707,242,5,224,385,477
4/4/2009,2099,241,6,148,468,917
4/5/2009,1431,241,5,110,308,1156
4/6/2009,762,240,3,222,344,1072
4/7/2009,1091,241,4,165,913,1071
4/8/2009,202,242,2,0,476,1020
4/9/2009,750,242,3,0,499,1099
4/10/2009,1539,241,5,272,553,1104
4/11/2009,1662,242,5,111,468,1168
4/12/2009,1625,243,5,114,262,1118
4/13/2009,1542,241,5,112,583,1063
4/14/2009,1268,241,4,44,464,1129
4/15/2009,1028,241,4,159,346,1045
4/16/2009,1286,240,5,198,298,1124
4/17/2009,1861,241,6,0,428,1090
4/18/2009,1345,241,4,111,454,1143
4/19/2009,971,243,4,156,282,1102
4/20/2009,1308,242,4,0,410,1148
4/21/2009,1699,241,6,147,281,1084
4/22/2009,1334,241,4,110,332,1191
4/23/2009,850,242,3,112,296,1055
4/24/2009,883,242,4,0,288,1131
4/25/2009,1972,241,6,221,462,1191
4/26/2009,1794,242,5,208,367,1150
4/27/2009,1054,241,4,109,283,1074
4/28/2009,1528,242,5,160,278,1163
4/29/2009,1586,242,5,110,348,1124
4/30/2009,1670,242,5,109,273,1232
5/1/2009,1324,245,5,118,255,481
5/2/2009,1487,244,5,111,196,729
5/3/2009,1102,242,4,0,202,518
5/4/2009,1137,242,4,320,265,370
5/5/2009,1589,241,5,111,536,1135
5/6/2009,913,240,4,0,343,1187
5/7/2009,1327,241,4,294,777,1098
5/8/2009,214,242,2,0,487,1022
5/9/2009,1419,241,5,244,502,1136
5/10/2009,1036,241,4,109,424,1096
5/11/2009,1380,242,4,116,406,1125
5/12/2009,2227,241,7,153,265,1191
5/13/2009,976,241,4,90,399,1083
5/14/2009,1387,240,5,0,454,1157
5/15/2009,1178,241,4,90,369,1172
5/16/2009,1961,240,6,130,464,1170
5/17/2009,1480,240,5,209,432,1078
5/18/2009,830,241,4,28,281,1113
5/19/2009,1347,241,5,224,563,1147
5/20/2009,1098,241,4,115,756,1122
5/21/2009,1461,241,5,133,666,1178
5/22/2009,725,242,3,45,831,1100
5/23/2009,1413,241,4,58,485,1182
5/24/2009,1051,242,4,42,336,1142
5/25/2009,1157,238,4,38,419,1121
5/26/2009,1018,232,4,117,381,1102
5/27/2009,1356,231,5,113,444,1126
5/28/2009,865,234,3,69,321,1094
5/29/2009,925,242,4,110,325,1140
5/30/2009,1534,241,5,264,462,1158
5/31/2009,695,241,3,135,344,1057
6/1/2009,1497,245,5,0,201,686
6/2/2009,1894,243,6,117,207,663
6/3/2009,1650,241,5,114,196,690
6/4/2009,1132,242,4,32,248,574
6/5/2009,1182,241,4,113,385,1115
6/6/2009,1314,241,4,148,444,1145
6/7/2009,678,242,3,84,611,1084
6/8/2009,227,241,2,0,521,1023
6/9/2009,978,242,4,109,455,1112
6/10/2009,1174,241,4,1,422,1105
6/11/2009,1195,243,4,0,339,1148
6/12/2009,2213,241,7,151,481,1177
6/13/2009,6,244,2,0,4,22
6/14/2009,,,,,,
6/15/2009,616,241,3,107,261,751
6/16/2009,1261,241,4,266,433,1202
6/17/2009,693,241,3,110,365,1078
6/18/2009,916,241,3,0,350,1156
6/19/2009,823,241,3,109,360,1090
6/20/2009,818,242,3,0,392,1114
6/21/2009,538,241,3,113,311,1058
6/22/2009,793,241,3,0,336,1157
6/23/2009,791,241,3,109,378,1097
6/24/2009,1333,241,5,202,450,1212
6/25/2009,506,241,2,0,378,1060
6/26/2009,1085,241,4,160,412,1129
6/27/2009,1555,242,5,296,489,1191
6/28/2009,868,242,3,0,497,1083
6/29/2009,738,242,3,215,458,1072
6/30/2009,1030,242,4,27,581,1116
7/1/2009,1930,246,6,169,452,547
7/2/2009,3018,242,9,373,378,1010
7/3/2009,1561,242,5,111,212,685
7/4/2009,1135,242,4,113,253,571
7/5/2009,731,241,3,0,281,1096
7/6/2009,1012,241,4,165,435,1055
7/7/2009,914,242,3,126,668,1054
7/8/2009,233,241,2,0,525,1029
7/9/2009,1005,242,4,160,450,1098
7/10/2009,1694,241,5,29,642,1126
7/11/2009,1362,242,4,170,314,1129
7/12/2009,1557,243,5,115,269,1136
7/13/2009,210,243,2,0,465,1028
7/14/2009,663,242,3,101,485,1063
7/15/2009,377,242,2,105,680,1059
7/16/2009,237,242,2,0,1215,1029
7/17/2009,396,242,2,0,488,1071
7/18/2009,733,242,3,0,524,1048
7/19/2009,1040,242,4,0,467,1047
7/20/2009,369,242,2,108,624,1040
7/21/2009,453,243,3,0,793,1092
7/22/2009,482,242,2,0,542,1023
7/23/2009,755,242,3,108,493,1112
7/24/2009,264,242,2,0,493,1023
7/25/2009,234,242,2,0,452,1020
7/26/2009,218,243,2,0,726,1022
7/27/2009,294,243,2,0,1440,1046
7/28/2009,638,242,3,0,1075,1034
7/29/2009,592,242,3,103,557,1089
7/30/2009,616,242,2,0,574,1032
7/31/2009,676,242,3,106,751,1073
8/1/2009,1344,245,5,194,231,558
8/2/2009,2009,243,6,273,190,847
8/3/2009,2205,242,7,407,493,718
8/4/2009,1346,242,5,158,431,1105
8/5/2009,1779,241,5,169,390,1230
8/6/2009,891,240,4,112,325,1103
8/7/2009,949,242,4,0,718,1122
8/8/2009,218,242,2,0,509,1022
8/9/2009,869,241,3,109,450,1099
8/10/2009,1309,241,5,168,483,1151
8/11/2009,2371,243,7,346,426,1221
8/12/2009,1898,244,6,112,261,1232
8/13/2009,544,241,5,115,324,390
8/14/2009,375,241,2,29,630,1030
8/15/2009,1355,241,5,213,788,1110
8/16/2009,1034,241,4,207,671,1049
8/17/2009,529,241,2,1,658,1060
8/18/2009,837,241,3,174,633,1061
8/19/2009,568,242,3,108,652,1063
8/20/2009,480,241,2,0,721,1060
8/21/2009,947,241,4,267,721,1084
8/22/2009,1374,241,5,297,934,1099
8/23/2009,811,242,3,108,662,1081
8/24/2009,1051,241,4,180,593,1091
8/25/2009,672,242,3,75,601,1060
8/26/2009,893,242,3,172,665,1101
8/27/2009,467,242,2,0,522,1024
8/28/2009,841,241,3,151,681,1084
8/29/2009,1231,241,4,107,627,1162
8/30/2009,1508,241,5,245,567,1141
8/31/2009,1037,239,4,111,539,1127
9/1/2009,1618,245,5,133,210,518
9/2/2009,1520,243,5,110,170,532
9/3/2009,1571,242,5,153,275,580
9/4/2009,1746,242,5,115,273,1202
9/5/2009,1108,242,4,173,287,1075
9/6/2009,1035,241,4,110,315,1144
9/7/2009,565,243,3,0,506,1041
9/8/2009,735,242,3,194,600,1047
9/9/2009,1314,241,5,108,689,1141
9/10/2009,1045,241,4,0,436,1139
9/11/2009,1100,244,4,114,332,1091
9/12/2009,1581,242,5,220,418,1095
9/13/2009,1452,240,5,413,477,1128
9/14/2009,1499,241,5,188,470,1115
9/15/2009,1211,241,4,144,436,1100
9/16/2009,1538,240,5,111,569,1188
9/17/2009,985,241,4,0,440,1125
9/18/2009,1150,241,4,221,520,1115
9/19/2009,2034,240,6,135,664,1214
9/20/2009,1943,241,6,403,623,1161
9/21/2009,1156,241,4,107,472,1146
9/22/2009,1037,241,4,109,468,1100
9/23/2009,1447,241,5,162,494,1178
9/24/2009,1257,240,4,111,484,1131
9/25/2009,981,241,4,0,462,1124
9/26/2009,1404,241,5,215,443,1214
9/27/2009,1243,241,4,214,640,1105
9/28/2009,1076,242,4,0,469,1146
9/29/2009,998,241,3,109,472,1081
9/30/2009,1627,241,5,109,761,1106
10/1/2009,1911,244,6,186,338,706
10/2/2009,1829,243,6,115,196,686
10/3/2009,1715,242,5,0,208,657
10/4/2009,1639,242,5,224,417,1203
10/5/2009,1814,241,6,333,651,1114
10/6/2009,1430,241,5,110,472,1122
10/7/2009,1008,242,4,111,536,1082
10/8/2009,776,241,3,0,658,1060
10/9/2009,894,241,3,108,468,1066
10/10/2009,1861,240,6,324,446,1213
10/11/2009,1386,243,5,50,326,1167
10/12/2009,1814,242,6,135,261,1223
10/13/2009,1213,240,4,109,411,1120
10/14/2009,1479,240,5,221,537,1120
10/15/2009,1217,241,4,131,356,1117
10/16/2009,1242,240,4,0,368,1140
10/17/2009,2576,239,8,342,712,1290
10/18/2009,1302,241,4,34,384,1146
10/19/2009,1103,242,4,115,350,1104
10/20/2009,1592,243,5,29,344,1155
10/21/2009,1906,242,6,219,576,1099
10/22/2009,1179,242,4,0,382,1148
10/23/2009,1568,241,5,124,382,1160
10/24/2009,2511,240,8,352,405,1241
10/25/2009,2276,240,7,276,592,1199
10/26/2009,759,242,3,42,362,1046
10/27/2009,773,241,3,72,346,1095
10/28/2009,930,241,4,111,354,1116
10/29/2009,1854,240,6,103,539,1045
10/30/2009,1258,241,4,76,457,1107
10/31/2009,1668,241,5,144,463,1209
11/1/2009,1826,246,6,331,538,333
11/2/2009,2560,242,8,184,598,690
11/3/2009,2398,242,7,281,585,607
11/4/2009,2325,241,7,168,558,1280
11/5/2009,1239,240,4,110,344,1146
11/6/2009,1129,241,4,0,356,1147
11/7/2009,769,242,3,110,515,1099
11/8/2009,690,242,3,107,628,1072
11/9/2009,991,241,4,0,492,1159
11/10/2009,1766,241,6,204,659,1099
11/11/2009,1977,242,6,171,459,1153
11/12/2009,1653,244,5,124,286,1154
11/13/2009,1328,241,4,144,311,1108
11/14/2009,2452,240,7,240,477,1291
11/15/2009,1728,240,6,109,592,1122
11/16/2009,1231,242,4,221,398,1119
11/17/2009,1583,243,5,0,346,1158
11/18/2009,2529,241,8,460,637,1196
11/19/2009,1247,243,4,0,356,1146
11/20/2009,1822,242,6,30,302,1177
11/21/2009,2308,241,7,247,401,1175
11/22/2009,2322,241,7,237,311,1245
11/23/2009,1297,243,4,0,301,1100
11/24/2009,2008,242,6,235,444,1110
11/25/2009,1771,241,6,28,586,1133
11/26/2009,1478,243,5,170,301,1130
11/27/2009,1124,242,4,0,298,1153
11/28/2009,1868,242,5,284,290,1210
11/29/2009,1526,243,5,113,429,1091
11/30/2009,1569,244,5,109,270,1166
12/1/2009,1308,246,5,0,204,667
12/2/2009,1697,243,6,111,227,996
12/3/2009,1765,242,5,0,274,769
12/4/2009,2065,240,6,326,844,1183
12/5/2009,1341,240,5,0,394,1153
12/6/2009,793,241,3,109,345,1081
12/7/2009,235,242,2,0,460,1032
12/8/2009,544,242,3,108,544,1043
12/9/2009,1893,241,6,507,499,1178
12/10/2009,1047,240,4,110,400,1116
12/11/2009,1246,242,4,61,325,1123
12/12/2009,1641,245,5,112,437,1111
12/13/2009,1981,244,6,162,315,1197
12/14/2009,1606,246,5,111,371,1160
12/15/2009,1757,246,6,112,297,1211
12/16/2009,1187,247,4,113,416,1119
12/17/2009,1456,247,5,0,229,1215
12/18/2009,1574,247,5,116,225,1170
12/19/2009,1909,246,6,113,376,975
12/20/2009,796,247,3,48,234,426
12/21/2009,1892,246,6,172,213,622
12/22/2009,1664,246,5,0,216,865
12/23/2009,1157,247,4,114,213,610
12/24/2009,2779,246,8,182,476,806
12/25/2009,2040,244,6,106,431,1210
12/26/2009,2096,242,6,114,400,1241
12/27/2009,2092,243,6,316,243,1176
12/28/2009,1863,244,6,219,374,1226
12/29/2009,1907,243,6,56,267,1132
12/30/2009,2335,241,7,311,430,1169
12/31/2009,2071,241,6,0,305,1300
1/1/2010,1421,243,4,139,252,1008
1/2/2010,1429,244,5,112,299,1225
1/3/2010,1109,242,4,145,389,1066
1/4/2010,1395,242,5,145,433,1206
1/5/2010,1039,241,4,157,729,1059
1/6/2010,1030,241,4,109,294,1155
1/7/2010,1137,239,4,51,772,1066
1/8/2010,241,240,2,0,422,1005
1/9/2010,1372,241,5,219,448,1200
1/10/2010,1287,241,4,145,609,1137
1/11/2010,1033,246,4,0,524,1110
1/12/2010,,,,,,
1/13/2010,,,,,,
1/14/2010,610,244,9,165,64,231
1/15/2010,2015,244,6,175,299,1201
1/16/2010,2000,243,6,113,390,1195
1/17/2010,1695,243,5,147,228,1229
1/18/2010,1753,244,5,36,222,1183
1/19/2010,2284,243,7,153,226,1304
1/20/2010,2303,243,7,229,601,1219
1/21/2010,1863,243,6,35,375,1249
1/22/2010,1562,242,5,101,293,1211
1/23/2010,2541,241,8,205,521,1243
1/24/2010,2049,242,7,275,572,1148
1/25/2010,1705,243,6,116,375,1249
1/26/2010,2054,243,6,27,322,1249
1/27/2010,2668,242,8,165,557,1282
1/28/2010,1960,243,6,147,406,1225
1/29/2010,1933,244,6,96,356,1274
1/30/2010,2717,242,8,193,681,1279
1/31/2010,1624,243,5,145,399,1186
2/1/2010,1007,245,4,31,225,1078
2/2/2010,2003,243,6,0,312,1337
2/3/2010,535,242,2,0,343,1003
2/4/2010,1595,243,5,0,403,1181
2/5/2010,2089,240,6,153,749,1206
2/6/2010,769,240,3,0,358,1086
2/7/2010,851,240,3,103,786,1047
2/8/2010,233,241,2,0,403,1009
2/9/2010,1230,241,4,108,379,1152
2/10/2010,1786,241,6,208,626,1178
2/11/2010,828,246,3,0,470,1056
2/12/2010,,,,,,
2/13/2010,2390,243,7,148,420,1296
2/14/2010,1677,243,5,112,255,1194
2/15/2010,1800,243,6,128,265,1251
2/16/2010,1723,244,5,148,253,1184
2/17/2010,1937,242,6,229,504,1133
2/18/2010,1572,244,5,52,317,1221
2/19/2010,1750,242,6,157,326,1210
2/20/2010,1814,242,6,320,313,1215
2/21/2010,2608,241,8,203,677,1265
2/22/2010,1233,241,4,124,549,1126
2/23/2010,1175,242,4,0,475,1107
2/24/2010,1830,241,6,229,507,1203
2/25/2010,1669,241,5,0,395,1214
2/26/2010,2043,240,6,114,584,1217
2/27/2010,1674,242,5,289,366,1206
2/28/2010,555,243,2,0,402,991
3/1/2010,1892,244,6,300,429,1134
3/2/2010,2808,242,8,226,666,1336
3/3/2010,595,241,3,0,349,1071
3/4/2010,1786,243,5,144,547,1267
3/5/2010,1124,237,4,108,439,1154
3/6/2010,1158,240,4,209,328,1169
3/7/2010,882,241,3,0,809,1062
3/8/2010,252,242,2,0,394,1012
3/9/2010,1130,241,4,107,396,1114
3/10/2010,1638,242,5,383,730,1077
3/11/2010,1061,244,4,107,550,1070
3/12/2010,,,,,,
3/13/2010,2309,242,7,247,529,1276
3/14/2010,1382,242,5,288,356,1076
3/15/2010,1571,242,5,29,355,1224
3/16/2010,1479,242,4,0,371,1122
3/17/2010,1870,242,6,113,665,1181
3/18/2010,1400,242,5,115,455,1142
3/19/2010,1604,241,5,0,490,1178
3/20/2010,86,242,2,0,20,172
3/21/2010,935,240,6,147,327,470
3/22/2010,1324,241,5,114,474,1195
3/23/2010,1669,241,5,227,551,1187
3/24/2010,1956,241,6,112,636,1177
3/25/2010,1527,242,5,0,517,1199
3/26/2010,1454,241,5,112,571,1174
3/27/2010,1565,240,5,111,607,1169
3/28/2010,1680,241,5,112,806,1073
3/29/2010,1373,242,5,0,539,1224
3/30/2010,1814,241,6,146,483,1197
3/31/2010,1759,240,6,113,684,1166
4/1/2010,1353,246,5,0,220,1156
4/2/2010,2112,242,7,56,433,1377
4/3/2010,373,243,2,0,351,993
4/4/2010,1528,242,5,113,415,1183
4/5/2010,1309,236,4,0,428,1149
4/6/2010,1161,240,4,155,292,1170
4/7/2010,1435,240,5,108,665,1054
4/8/2010,229,241,2,0,397,1013
4/9/2010,1610,241,5,203,445,1175
4/10/2010,1725,241,5,149,611,1090
4/11/2010,2485,243,7,292,874,1142
4/12/2010,,,,,,
4/13/2010,1250,242,4,110,545,1185
4/14/2010,1431,241,5,110,655,1109
4/15/2010,1608,241,5,113,566,1227
4/16/2010,1374,242,4,273,498,1175
4/17/2010,1344,241,4,29,617,1175
4/18/2010,1256,241,4,114,523,1174
4/19/2010,1492,241,5,118,646,1194
4/20/2010,1735,241,5,129,605,1249
4/21/2010,1377,242,5,0,538,1180
4/22/2010,1260,241,4,109,547,1173
4/23/2010,892,242,3,0,527,1142
4/24/2010,1363,242,5,220,960,1100
4/25/2010,1312,241,4,0,838,1089
4/26/2010,716,241,3,111,372,1083
4/27/2010,1100,242,4,0,436,1103
4/28/2010,494,243,2,0,471,1060
4/29/2010,912,242,3,2,560,1100
4/30/2010,863,242,3,194,547,1075
5/1/2010,2092,245,6,204,221,1252
5/2/2010,2009,242,6,108,394,1279
5/3/2010,1105,243,3,111,284,1054
5/4/2010,843,244,3,110,493,1049
5/5/2010,1594,236,5,264,449,1160
5/6/2010,1820,241,6,594,512,1161
5/7/2010,885,241,3,107,685,1065
5/8/2010,220,242,2,0,389,1012
5/9/2010,1134,242,4,137,526,1077
5/10/2010,1792,240,5,0,724,1152
5/11/2010,1583,244,5,0,542,1180
5/12/2010,,,,,,
5/13/2010,1344,243,4,170,282,1141
5/14/2010,1542,242,5,74,242,1251
5/15/2010,1837,242,6,189,245,1200
5/16/2010,2087,241,6,347,466,1163
5/17/2010,1483,241,5,107,269,1226
5/18/2010,1302,242,4,0,252,1160
5/19/2010,1288,242,4,173,306,1125
5/20/2010,845,242,3,0,271,1137
5/21/2010,1077,242,4,112,277,1132
5/22/2010,2097,240,6,234,393,1258
5/23/2010,1507,241,4,104,306,1121
5/24/2010,1159,241,4,214,435,1080
5/25/2010,975,240,4,22,331,1127
5/26/2010,1241,240,4,107,543,1097
5/27/2010,1184,240,4,108,325,1130
5/28/2010,1323,240,4,112,303,1151
5/29/2010,1952,240,6,281,294,1250
5/30/2010,1572,240,5,285,433,1115
5/31/2010,1103,241,4,148,363,1134
6/1/2010,1590,245,5,131,449,1167
6/2/2010,2610,241,8,259,520,1275
6/3/2010,572,243,2,0,339,1016
6/4/2010,1745,243,5,116,516,1172
6/5/2010,1102,236,4,0,219,1115
6/6/2010,1518,241,5,406,429,1151
6/7/2010,814,241,3,0,631,1093
6/8/2010,215,241,2,0,380,1002
6/9/2010,1193,242,4,281,406,1127
6/10/2010,1078,241,4,111,417,1079
6/11/2010,1630,238,5,278,577,1113
6/12/2010,,,,,,
6/13/2010,1538,241,5,375,601,1111
6/14/2010,1011,242,4,108,355,1128
6/15/2010,958,241,4,0,363,1125
6/16/2010,1721,241,5,215,547,1132
6/17/2010,765,240,3,0,367,1100
6/18/2010,1089,241,4,110,341,1163
6/19/2010,1222,242,4,243,396,1120
6/20/2010,1465,240,5,109,510,1164
6/21/2010,1440,241,5,264,464,1149
6/22/2010,1301,241,5,108,579,1107
6/23/2010,1133,240,4,282,925,1128
6/24/2010,811,241,3,109,491,1086
6/25/2010,815,241,3,0,556,1132
6/26/2010,696,241,3,104,660,1087
6/27/2010,919,240,4,311,633,1079
6/28/2010,1294,240,4,0,676,1158
6/29/2010,1281,240,4,207,833,1088
6/30/2010,1202,241,4,13,667,1034
7/1/2010,1574,245,5,114,190,1192
7/2/2010,1449,243,5,258,595,1046
7/3/2010,1338,244,4,0,435,1017
7/4/2010,1330,242,5,111,594,1154
7/5/2010,1409,237,5,112,244,1190
7/6/2010,764,242,3,159,364,1071
7/7/2010,584,241,3,107,628,1040
7/8/2010,212,241,2,0,390,1007
7/9/2010,1226,241,4,161,434,1153
7/10/2010,1677,242,5,93,433,1166
7/11/2010,1550,238,5,111,521,1054
7/12/2010,,,,,,
7/13/2010,1224,240,4,189,538,1079
7/14/2010,1228,240,4,112,451,1079
7/15/2010,1619,240,5,112,503,1080
7/16/2010,650,241,3,0,427,1013
7/17/2010,593,241,2,0,407,1049
7/18/2010,592,241,2,0,374,1008
7/19/2010,493,242,2,0,411,1058
7/20/2010,686,242,3,7,413,1033
7/21/2010,893,242,3,153,432,1048
7/22/2010,843,241,4,0,1440,1043
7/23/2010,935,240,4,108,1440,1084
7/24/2010,699,240,3,0,1440,999
7/25/2010,943,240,3,0,1288,1069
7/26/2010,631,241,3,0,549,1007
7/27/2010,747,240,3,109,393,1000
7/28/2010,576,240,3,105,407,1068
7/29/2010,241,240,2,0,405,1005
7/30/2010,233,240,2,0,399,1000
7/31/2010,249,240,2,0,414,1009
8/1/2010,1606,244,5,0,288,1190
8/2/2010,2446,242,7,114,363,1309
8/3/2010,2530,244,7,245,612,1245
8/4/2010,1422,242,5,5,566,1191
8/5/2010,1241,242,4,217,306,1130
8/6/2010,1193,241,4,130,387,1152
8/7/2010,1010,240,4,105,630,1085
8/8/2010,219,241,2,0,397,1003
8/9/2010,1122,241,4,1,375,1074
8/10/2010,1285,241,4,109,584,1114
8/11/2010,1629,238,5,113,471,1175
8/12/2010,,,,,,
8/13/2010,226,241,2,0,379,1005
8/14/2010,240,241,2,0,382,1012
8/15/2010,840,242,3,0,486,1032
8/16/2010,848,241,3,139,349,1073
8/17/2010,903,241,3,108,330,914
8/18/2010,,,,,,
8/19/2010,,,,,,
8/20/2010,,,,,,
8/21/2010,,,,,,
8/22/2010,85,243,3,0,41,106
8/23/2010,429,242,2,0,427,1048
8/24/2010,367,242,2,0,409,1039
8/25/2010,668,241,3,106,393,1093
8/26/2010,429,242,2,0,403,1032
8/27/2010,1915,241,6,106,672,1166
8/28/2010,1237,243,4,172,415,1179
8/29/2010,1556,241,5,207,406,1182
8/30/2010,1379,241,4,109,442,1154
8/31/2010,1305,241,4,178,457,1082
9/1/2010,2165,244,7,198,396,1223
9/2/2010,2378,243,7,115,337,1311
9/3/2010,1585,244,5,33,311,1153
9/4/2010,941,243,3,111,472,1145
9/5/2010,1416,241,5,189,348,1131
9/6/2010,1356,241,5,267,516,1087
9/7/2010,861,241,3,0,473,1035
9/8/2010,225,241,2,0,388,1008
9/9/2010,1005,241,4,156,450,1059
9/10/2010,1547,240,5,111,1440,1174
9/11/2010,1923,238,6,162,497,1160
9/12/2010,,,,,,
9/13/2010,810,241,3,82,689,1056
9/14/2010,1271,241,4,214,743,1121
9/15/2010,731,241,3,0,765,1043
9/16/2010,1134,240,4,108,635,1124
9/17/2010,1289,241,4,137,830,1113
9/18/2010,1085,242,4,110,627,1156
9/19/2010,666,242,3,0,556,1030
9/20/2010,1543,241,5,296,644,1179
9/21/2010,875,241,3,0,574,1081
9/22/2010,1303,241,4,181,689,1146
9/23/2010,1259,241,4,111,641,1152
9/24/2010,1077,241,4,153,652,1092
9/25/2010,54,241,2,0,128,166
9/26/2010,,,,,,
9/27/2010,,,,,,
9/28/2010,468,240,7,76,153,204
9/29/2010,1546,241,5,137,546,1173
9/30/2010,1181,242,4,0,652,1090
10/1/2010,2286,244,7,329,434,1214
10/2/2010,1840,242,6,114,432,1176
10/3/2010,1738,244,5,114,298,1220
10/4/2010,967,241,3,110,487,1109
10/5/2010,1151,241,4,0,293,1177
10/6/2010,1019,242,4,0,354,1138
10/7/2010,967,240,4,108,514,1092
10/8/2010,225,242,2,0,396,1013
10/9/2010,1115,242,4,109,503,1129
10/10/2010,1818,240,6,205,694,1114
10/11/2010,1837,239,6,111,625,1178
10/12/2010,,,,,,
10/13/2010,1945,241,6,218,514,1243
10/14/2010,2007,241,6,247,552,1198
10/15/2010,1460,241,5,31,700,1131
10/16/2010,613,242,3,0,543,1080
10/17/2010,696,242,3,70,557,1022
10/18/2010,2631,242,8,174,1024,1243
10/19/2010,1764,242,6,110,715,1117
10/20/2010,1562,242,5,177,535,1127
10/21/2010,1124,243,4,30,596,1067
10/22/2010,1525,243,5,112,411,1175
10/23/2010,2191,242,7,194,682,1182
10/24/2010,2337,243,7,218,844,1185
10/25/2010,912,242,3,0,443,1062
10/26/2010,571,245,3,0,561,1039
10/27/2010,1201,246,4,0,497,1109
10/28/2010,1322,246,4,110,591,1117
10/29/2010,1067,246,3,111,590,1027
10/30/2010,2079,243,6,134,513,1221
10/31/2010,1153,245,4,91,570,1046
11/1/2010,1251,246,4,118,280,1158
11/2/2010,1139,245,4,0,263,1137
11/3/2010,1678,243,6,105,254,1238
11/4/2010,1365,241,5,193,470,1108
11/5/2010,1390,242,5,100,252,1154
11/6/2010,1278,241,4,310,350,1150
11/7/2010,998,240,4,103,450,1073
11/8/2010,229,241,2,0,410,1005
11/9/2010,1267,242,4,107,813,1104
11/10/2010,1419,240,5,106,1270,1086
11/11/2010,1648,239,5,252,595,724
11/12/2010,,,,,,
11/13/2010,2051,239,6,114,490,807
11/14/2010,1957,239,6,275,459,510
11/15/2010,1560,240,5,111,587,521
11/16/2010,1286,241,4,0,385,452
11/17/2010,1325,241,5,114,402,506
11/18/2010,1420,241,5,170,397,537
11/19/2010,1325,240,5,0,393,677
11/20/2010,2076,241,6,338,507,657
11/21/2010,535,241,3,0,401,273
11/22/2010,1971,240,6,367,457,584
11/23/2010,1399,241,5,162,369,442
11/24/2010,1566,240,5,111,482,699
11/25/2010,1263,242,4,113,343,292
11/26/2010,1275,240,5,111,312,573
11/27/2010,1135,242,4,0,298,1153
11/28/2010,1895,242,5,284,290,1210
11/29/2010,1579,243,5,113,429,1091
11/30/2010,1589,244,5,109,270,1166
12/1/2010,1146,244,6,53,325,768
12/2/2010,1647,244,5,119,248,1229
12/3/2010,1448,243,5,137,328,1204
12/4/2010,1152,242,4,31,516,1168
12/5/2010,1928,242,6,73,457,1244
12/6/2010,1864,240,6,194,730,1235
12/7/2010,978,240,3,161,489,1054
12/8/2010,216,241,2,0,385,1003
12/9/2010,1476,242,5,205,863,1099
12/10/2010,1357,240,5,63,576,1105
12/11/2010,1774,239,5,221,405,602
12/12/2010,1691,245,5,112,437,1111
12/13/2010,2181,244,6,162,315,1197
12/14/2010,1767,246,5,111,371,1160
12/15/2010,1798,246,6,112,297,1211
12/16/2010,1287,247,4,113,416,1119
12/17/2010,1499,247,5,0,229,1215
12/18/2010,1674,247,5,116,225,1170
12/19/2010,2019,246,6,113,376,975
12/20/2010,2096,247,3,48,234,426
12/21/2010,1992,246,6,172,213,622
12/22/2010,1864,246,5,0,216,865
12/23/2010,1757,247,4,114,213,610
12/24/2010,2779,246,8,182,476,806
12/25/2010,2540,244,6,106,431,1210
12/26/2010,2396,242,6,114,400,1241
12/27/2010,2562,243,6,316,243,1176
12/28/2010,2163,244,6,219,374,1226
12/29/2010,2188,243,6,56,267,1132
12/30/2010,2567,241,7,311,430,1169
12/31/2010,3320,241,6,0,305,1300
